<?xml version="1.0" encoding="UTF-8" ?>
<manifest xmlns:xsi="http://www.w3.org/2001/XMLSchema-instance" xsi:noNamespaceSchemaLocation="https://raw.githubusercontent.com/shopware/shopware/master/src/Core/Framework/App/Manifest/Schema/manifest-2.0.xsd">
    <meta>
        <name>EwtFoundation</name>
        <label>Ewt Foundation</label>
        <description>Ewt Specific configurations.</description>
        <author>Abdurrahim Agca</author>
        <copyright>(c) Abdurrahim Agca</copyright>
        <version>0.1.0</version>
        <license>MIT</license>
    </meta>
    <setup>
        <registrationUrl>http://host.docker.internal:3000/ewt-foundation//app/register</registrationUrl>
        <secret>++aZ1X4unRY2n1PAAFEevISZ7ckrjId/Q2R1zG9Zdfkooyhxx+67ckwsuQcesa8t</secret>
    </setup>
    <webhooks>
        <webhook name="appActivate" url="http://host.docker.internal:3000/ewt-foundation//app/activate" event="app.activated"/>
        <webhook name="appDeactivated" url="http://host.docker.internal:3000/ewt-foundation//app/deactivate" event="app.deactivated"/>
        <webhook name="appDelete" url="http://host.docker.internal:3000/ewt-foundation//app/delete" event="app.deleted"/>
    </webhooks>
    <admin>
        <action-button 
            action="ping" 
            entity="order" 
            view="detail" 
            url="http://host.docker.internal:3000/ewt-foundation//app/admin/ping">
            <label>Ewt Foundation Ping</label>
        </action-button>   
        <base-app-url>http://host.docker.internal:3000/ewt-foundation//app/admin/index</base-app-url> 
    </admin>
    <permissions>
        <permission>product:read</permission>
        <permission>product:create</permission>
        <permission>product:update</permission>
        <permission>product:delete</permission>
        <permission>product:write</permission>
        <permission>order:read</permission>
        <permission>order:create</permission>
        <permission>order:update</permission>
        <permission>order:delete</permission>
        <permission>order:write</permission>
        <permission>sales_channel:read</permission>
        <permission>language:read</permission>
        <permission>currency:read</permission>
        <permission>country:read</permission>
        <permission>customer:read</permission>
    </permissions>
    <custom-fields>
        <custom-field-set>
            <name>travel_order_fields</name>
            <label>Ewt Foundation Order Fields</label>
            <label lang="en-GB">Ewt Foundation Order Fields</label>
            <related-entities>
                <order/>
            </related-entities>
            <fields>
                <text name="ewt_foundation_order_special_instructions">
                    <label>Special Instructions</label>
                    <label lang="en-GB">Special Instructions</label>
                </text>
                <text name="ewt_foundation_order_additional_notes">
                    <label>Additional Notes</label>
                    <label lang="en-GB">Additional Notes</label>
                </text>
            </fields>
        </custom-field-set>
    </custom-fields>
</manifest>
